name,currency,amount,country,city,equipments,year_built,condition,material,propulsion,fuel_type,fuel_quantity_l,length_m,beam_m,draught_m,displacement_kg,persons,cabins,berths,engine,engine_performance,engine_hours
Azimut 46 Evolution 2007,EUR,390000.0,Croatia,Punat,"Shore Connection, Generator, Battery, Battery Charger, Inverter, Fire Extinguisher, Anchor, Bow Anchor Capstan, Electric winch, Bilge Pump, Life Raft, Washing Machine, Underwater Lights, Navigation Lights, Bow Thruster, Trim Tabs, Electric Toilet, Water Pressure System, Warm Water System, Deck washer, Solar panels, Board Computer, Compass, GPS, Autopilot, Fishfinder, VHF Radio, Radar, Radar Reflector, Chartplotter, Depth Instrument, Speed Instrument, AIS, Stove, Ceran Stove, Microwave, Oven, Sink, Fridge, Freezer, Electric Stove, Extractor Hood, Dishwasher, Cockpit Cover, Sprayhood, Bimini Top, Flybridge Cover, Winter Cover, Swim Ladder, Bathing plaftorm fix, Gangway, Electric Gangway, Davits, Deck Shower, Heating, Air Conditioning, TV, Radio, CD Player, DVD Player, MP3 Player, iPod Interface, Bluetooth Connector, DVB-T Antenna, Satellite Antenna, Cockpit Speakers, Cockpit Table, Wetbar, Teak Deck, Teak Cockpit, Underwater Paint",2007,very good condition,grp,inboard direct-drive,diesel,1800.0,14.6,4.41,1.2,,12.0,2.0,4.0,caterpillar c9,2 x 510 hp / 375 kw,1100.0
Sunseeker Portofino 47,EUR,360000.0,Germany,Neustadt,"Shore Connection, Generator, Battery, Battery Charger, Inverter, Fire Extinguisher, Fire extinguisher system, Anchor, Bow Anchor Capstan, Electric winch, Bilge Pump, Life Raft, Underwater Lights, Navigation Lights, Bow Thruster, Trim Tabs, Electric Toilet, Water Pressure System, Warm Water System, Deck washer, Board Computer, Compass, GPS, Windvane self-steering, Autopilot, VHF Radio, Radar, Chartplotter, Depth Instrument, Speed Instrument, AIS, MOB System, Ceran Stove, Microwave, Sink, Fridge, Electric Stove, Cockpit Cover, Swim Ladder, Bathing platform electric, Deck Shower, Heating, Air Conditioning, Icemaker, TV, Radio, DVD Player, Bluetooth Connector, Cockpit Speakers, Cockpit Table, Wetbar, BBQ-Grill, Teak Deck, Teak Cockpit, Underwater Paint",2008,very good condition,grp,pod drive,diesel,1310.0,14.96,4.29,1.2,16400.0,12.0,2.0,2.0,volvo penta d6-435 ips600,2 x 435 hp / 320 kw,995.0
Bénéteau Antares 7 OB V2,EUR,81150.0,Italy,Ancona,"Stove, Gas Stove, Sink, Fridge, Compass, GPS, Radar Reflector, Chartplotter, Depth Instrument, Speed Instrument, Shore Connection, Battery, Battery Charger, Navigation Lights, Gas Detector, Anchor, Trim Tabs, Bow Anchor Capstan, Electric winch, Bilge Pump, Fire Extinguisher, Electric Toilet, Water Pressure System, Warm Water System, Bathing plaftorm fix, Swim Ladder, Cockpit Table, Deck Shower, Bimini Top, Underwater Paint",2023,,grp,"outboard, four-stroke",unleaded,170.0,7.48,2.53,0.8,1651.0,8.0,1.0,3.0,honda marine,1 x 150 hp / 110 kw,
Jeanneau Merry Fisher 895 Offshore,EUR,169000.0,Germany,Kembs,"Shore Connection, Battery, Battery Charger, Inverter, Alarm system, Fire Extinguisher, Anchor, Bow Anchor Capstan, Electric winch, Bilge Pump, Navigation Lights, Bow Thruster, Trim Tabs, Water Pressure System, Warm Water System, Board Computer, Compass, GPS, Fishfinder, VHF Radio, Chartplotter, Depth Instrument, Speed Instrument, AIS, Sink, Fridge, Gas Stove, Full Cover, Cockpit Cover, Swim Ladder, Bathing plaftorm fix, Deck Shower, Heating, Radio, Bluetooth Connector, Cockpit Speakers, Cockpit Table, Teak Deck, Underwater Paint",2020,very good condition,grp,"outboard, four-stroke",unleaded,600.0,9.07,2.99,0.64,4500.0,6.0,2.0,6.0,yamaha f200 getx,2 x 200 hp / 147 kw,45.0
Hallberg-Rassy 36MKII,Price,,Italy,Sanremo,,2001,very good condition,,,,,11.0,,,,9.0,,,,,
Inter 7700 Nor-Line Dutch Edition,EUR,54500.0,Netherlands,Warmond,"Shore Connection, Battery, Battery Charger, Fire Extinguisher, Anchor, Navigation Lights, Bow Thruster, Compass, GPS, Speed Instrument, Ceran Stove, Sink, Fridge, Freezer, Full Cover, Cockpit Cover, Sprayhood, Winter Cover, Swim Ladder, Bathing plaftorm fix, Bathing platform manual, Deck Shower, Radio, MP3 Player, Cockpit Speakers",2004,very good condition,,inboard v-drive,diesel,100.0,7.7,2.8,0.75,1600.0,6.0,1.0,4.0,yanmar,1 x 56 hp / 41 kw,2200.0
Maxum 2400 SR,EUR,23000.0,Spain,Ibiza,"Battery, Anchor, Depth Instrument, Speed Instrument, Sink, Bimini Top, Swim Ladder, Bathing plaftorm fix, Deck Shower",2003,good condition,grp,sterndrive,unleaded,265.0,7.92,2.59,0.9,1900.0,8.0,,,mercury mercruiser 5.0 220hp,1 x 220 hp / 162 kw,
Amel Maramu,EUR,120000.0,France,Cogolin,"Stove, Gas Stove, Oven, Sink, Fridge, Freezer, Compass, GPS, Autopilot, VHF Radio, Radar, Chartplotter, Wind Instrument, Depth Instrument, AIS, Shore Connection, Battery, Battery Charger, Inverter, Solar panels, Navigation Lights, Anchor, Bow Anchor Capstan, Electric winch, Bilge Pump, Fire Extinguisher, Life Raft, Water Pressure System, Warm Water System, TV, Radio, CD Player, Cockpit Speakers, Bathing plaftorm fix, Swim Ladder, Gangway, Cockpit Table, Deck Shower, Underwater Paint, Armement Hauturier, Convertisseur, Frigo, Guindeau électrique, Moteur d'annexes, Propulseur D'étrave, Sondeur, Spi, Stéréo, VHF ASN",1987,very good condition,grp,inboard direct-drive,diesel,500.0,12.5,4.03,1.9,,8.0,2.0,6.0,perkins,1 x 60 hp / 44 kw,5040.0
Cigala & Bertinetti SHARK 45,EUR,90000.0,Italy,Roma,"Gas Stove, Ceran Stove, Fridge, GPS, VHF Radio, Battery, Battery Charger, TV, Radio, Bimini Top",1988,very good condition,,surface drive,diesel,900.0,13.2,3.4,,10500.0,,,1.0,caterpillar,2 x 375 hp / 276 kw,700.0
Albin Vega 27,Price,,Italy,Pisa,"Sink, Fridge, Freezer, GPS, Autopilot, VHF Radio, Depth Instrument, Battery, Anchor, Bilge Pump, Radio, Bathing plaftorm fix, Swim Ladder, Cockpit Table, Teak Cockpit, Cockpit Cover, Sprayhood, Lazy bag, Tendalino",1973,very good condition,grp,inboard direct-drive,diesel,140.0,8.25,2.56,1.17,2300.0,6.0,1.0,4.0,scam,1 x 20 hp / 15 kw,360.0
Bénéteau Antares 6.8,EUR,43180.0,Slovakia,Komárno,"Gas Stove, Sink, Compass, Fishfinder, Speed Instrument, Shore Connection, Battery, Navigation Lights, Anchor, Bilge Pump, Swim Ladder, Cockpit Table, Bimini Top, Underwater Paint",2015,very good condition,grp,"outboard, four-stroke",gas,176.0,6.48,2.55,0.6,1565.0,2.0,1.0,1.0,mercury f 115 l pro xs,1 x 135 hp / 99 kw,110.0
Sunseeker Camargue 50,EUR,189000.0,Spain,Barcelona,,2002,good condition,grp,,diesel,2000.0,16.03,4.27,1.4,21000.0,,,,volvo penta twin d12 700,,1260.0
"Swedish Yard Claus Held MY ""Lorely of St",EUR,295000.0,Sweden,Stockholm,,1964,very good condition,steel,,diesel,2800.0,15.5,4.3,1.3,,,,,cummins,2 x 210 hp / 154 kw,1900.0
Azimut 55 Evolution 2006,EUR,445000.0,Croatia,Split,"Shore Connection, Generator, Battery, Battery Charger, Fire Extinguisher, Gas Detector, Anchor, Bow Anchor Capstan, Bilge Pump, Life Raft, Underwater Lights, Navigation Lights, Bow Thruster, Stern Thruster, Trim Tabs, Watermaker, Electric Toilet, Water Pressure System, Warm Water System, Deck washer, Board Computer, Compass, GPS, Autopilot, VHF Radio, Radar, Radar Reflector, Chartplotter, Depth Instrument, Speed Instrument, AIS, EPIRB, Ceran Stove, Sink, Fridge, Freezer, Extractor Hood, Cockpit Cover, Flybridge Cover, Winter Cover, Swim Ladder, Bathing plaftorm fix, Electric Gangway, Deck Shower, Heating, Air Conditioning, TV, Radio, DVD Player, MP3 Player, iPod Interface, Bluetooth Connector, Satellite Antenna, Cockpit Speakers, Wetbar, Teak Cockpit, Underwater Paint",2006,good condition,grp,,diesel,2520.0,17.51,4.75,1.23,26000.0,,3.0,6.0,caterpillar,2 x 715 hp / 526 kw,850.0
Nauta Yachts Nauta 57,EUR,214894.0,Spain,Blanca,,1989,good condition,grp,,diesel,540.0,17.27,4.82,3.0,19000.0,,,,volvo penta aqad 31 a turbo,1 x 130 hp / 96 kw,
Sessa Key Largo 20,EUR,33000.0,Croatia,Kastav,,2010,very good condition,grp,"outboard, four-stroke",gas,200.0,6.1,2.3,0.3,,,1.0,2.0,yamaha,1 x 115 hp / 85 kw,280.0
X-Yachts X-50,EUR,365000.0,Germany,Niesgrau,"Gas Stove, Oven, Sink, Fridge, Freezer, Compass, Autopilot, VHF Radio, Chartplotter, Wind Instrument, Depth Instrument, Speed Instrument, AIS, Shore Connection, Battery, Battery Charger, Inverter, Generator, Navigation Lights, Anchor, Bow Thruster, Bow Anchor Capstan, Electric winch, Bilge Pump, Fire Extinguisher, Heating, Electric Toilet, Water Pressure System, Warm Water System, Radio, Cockpit Speakers, Bathing plaftorm fix, Teak Cockpit, Teak Deck, Sprayhood, Underwater Paint",2006,very good condition,grp,saildrive,diesel,240.0,15.57,4.43,2.35,,,3.0,6.0,volvo penta md 75,1 x 75 hp / 55 kw,
Ketch,EUR,209500.0,Spain,Palma,"Shore Connection, Battery, Battery Charger, Inverter, Fire Extinguisher, Gas Detector, Anchor, Bow Anchor Capstan, Bilge Pump, Life Raft, Navigation Lights, Bow Thruster, Electric Toilet, Warm Water System, Compass, GPS, Windvane self-steering, Autopilot, VHF Radio, Radar, Radar Reflector, Chartplotter, Wind Instrument, Depth Instrument, Speed Instrument, Stove, Oven, Sink, Fridge, Cockpit Cover, Sprayhood, Bimini Top, Swim Ladder, Gangway, Davits, Heating, Radio, DVD Player, Teak Deck, Teak Cockpit",1978,very good condition,,inboard direct-drive,diesel,600.0,17.15,4.6,2.2,18000.0,,3.0,7.0,"volvo d5ta 4,8l",1 x 129 hp / 95 kw,320.0
Remus 450 SC Open,EUR,13900.0,Germany,Poing,,2021,good condition,grp,"outboard, four-stroke",unleaded,,4.5,2.0,,350.0,,,,mercury f40 efi elpt 40 ps 4 cyl.,1 x 40 hp / 29 kw,30.0
Catana 39,EUR,100000.0,Greece,kilada,"Shore Connection, Battery, Battery Charger, Alarm system, Fire Extinguisher, Anchor, Electric winch, Bilge Pump, Life Raft, Navigation Lights, Water Pressure System, Warm Water System, Solar panels, Board Computer, Compass, GPS, Autopilot, VHF Radio, Radar, Radar Reflector, Chartplotter, Wind Instrument, Depth Instrument, AIS, EPIRB, Stove, Oven, Sink, Fridge, Gas Stove, Cockpit Cover, Bathing plaftorm fix, Gangway, Deck Shower, MP3 Player, Cockpit Table",1988,good condition,grp,saildrive,diesel,220.0,11.6,6.0,1.2,6500.0,8.0,4.0,4.0,volvo penta,2 x 18 hp / 13 kw,1000.0
Windy Mirage,EUR,65000.0,Germany,Wedel,"Shore Connection, Battery, Battery Charger, Fire Extinguisher, Anchor, Bilge Pump, Navigation Lights, Bow Thruster, Trim Tabs, Board Computer, Compass, GPS, VHF Radio, Chartplotter, Depth Instrument, Speed Instrument, Stove, Sink, Fridge, Freezer, Full Cover, Sprayhood, Bimini Top, Swim Ladder, Bathing plaftorm fix, Bluetooth Connector, Underwater Paint",1986,very good condition,grp,sterndrive,unleaded,300.0,7.68,2.85,1.0,2500.0,6.0,1.0,2.0,volvo penta v8 300ps,1 x 300 hp / 221 kw,160.0
Virtue V10 Top,EUR,239000.0,Poland,Poland,"Shore Connection, Battery, Battery Charger, Fire Extinguisher, Anchor, Electric winch, Bilge Pump, Navigation Lights, Bow Thruster, Trim Tabs, Electric Toilet, Solar panels, Board Computer, GPS, VHF Radio, Chartplotter, Depth Instrument, Speed Instrument, AIS, Sink, Fridge, Freezer, Swim Ladder, Bathing plaftorm fix, Bathing platform electric, Deck Shower, MP3 Player, Bluetooth Connector, Cockpit Speakers, Cockpit Table, Wetbar, Underwater Paint",2023,as new,grp,"outboard, four-stroke",unleaded,400.0,9.89,2.9,0.41,,8.0,1.0,1.0,honda 2x250hp,2 x 250 hp / 184 kw,
Linder Arkip 530 mit 100PS Honda,EUR,39530.0,Germany,Niedersachsen,"Battery, Bilge Pump, Navigation Lights, GPS, Cockpit Cover, Swim Ladder",2023,new,aluminium,"outboard, four-stroke",unleaded,67.0,5.3,2.14,,776.0,6.0,,,honda bf 100 lrtu,1 x 100 hp / 74 kw,
CNB 76,EUR,2200000.0,France,d'Agde,"Shore Connection, Generator, Battery, Battery Charger, Inverter, Fire Extinguisher, Fire extinguisher system, Anchor, Bow Anchor Capstan, Electric winch, Bilge Pump, Life Raft, Washing Machine, Clothes dryer, Navigation Lights, Bow Thruster, Stern Thruster, Watermaker, Electric Toilet, Water Pressure System, Warm Water System, Deck washer, Board Computer, Compass, GPS, Autopilot, Windvane self-steering, VHF Radio, Radar, Radar Reflector, Chartplotter, Wind Instrument, Depth Instrument, Speed Instrument, AIS, EPIRB, MOB System, Stove, Ceran Stove, Oven, Sink, Fridge, Freezer, Electric Stove, Extractor Hood, Dishwasher, Sprayhood, Bimini Top, Swim Ladder, Bathing plaftorm fix, Bathing platform electric, Gangway, Deck Shower, Heating, Air Conditioning, TV, Radio, CD Player, DVD Player, MP3 Player, iPod Interface, Bluetooth Connector, Satellite Antenna, Satellite Internet, Satellite Phone, Cockpit Speakers, Cockpit Table, Teak Deck, Teak Cockpit, Underwater Paint",2017,very good condition,grp,inboard direct-drive,diesel,1500.0,23.17,6.1,3.0,46000.0,12.0,5.0,10.0,volvo d4,1 x 180 hp / 132 kw,5000.0
Bayliner 2855 Ciera,EUR,35000.0,Netherlands,Roermond,"Microwave, Fridge, Bilge Pump, Battery Charger, Inverter, TV, Electric Stove, Shore Connection, Compass, Depth Instrument, Navigation Lights, Bathing plaftorm fix, Swim Ladder",1998,,grp,sterndrive,unleaded,400.0,9.75,2.92,0.94,2850.0,,,4.0,"mercruiser v8 7,4 mpi",1 x 330 hp / 243 kw,
Standfast Spiegelkotter,Price,,Netherlands,verkoophaven,"Heating, Battery, Battery Charger, TV, Radio, Stove, Oven, Fridge, Freezer, Shore Connection, Compass, Depth Instrument, Navigation Lights, Swim Ladder, Fire Extinguisher",1996,,grp,inboard direct-drive,diesel,240.0,10.2,3.3,0.95,5500.0,,,2.0,ford lehmann ua492178,1 x 80 hp / 59 kw,
Viknes 1030,EUR,329500.0,Netherlands,verkoophaven,"Heating, Stern Thruster, Bow Thruster, Compass, Depth Instrument, Autopilot, GPS, VHF Radio, Chartplotter, Speed Instrument, Radar, EPIRB, Battery, Generator, Inverter, TV, CD Player, DVD Player, Bimini Top, Radio, Oven, Fridge, Shore Connection, Navigation Lights, Sprayhood, Bathing plaftorm fix, Swim Ladder, Fire Extinguisher",2022,,grp,inboard direct-drive,diesel,700.0,10.96,3.42,1.15,6000.0,6.0,2.0,3.0,yanmar 8lv 370 / kmh50a,1 x 370 hp / 272 kw,83.0
Markerrondbouw VD 93,EUR,15000.0,Netherlands,onbekend,,1936,,steel,,,,11.0,3.65,0.9,,,,6.0,,,
Raffaelli MIDDLE FLY,EUR,69500.0,Croatia,Croatia,"Fridge, Heating, Air Conditioning, Bow Thruster, Compass, Depth Instrument, Autopilot, VHF Radio, Speed Instrument, Radar, Life Raft, Bilge Pump, Fire Extinguisher, Battery, Battery Charger, Generator, Inverter, TV, Anchor, Bimini Top",1989,,grp,,diesel,700.0,11.99,3.87,1.2,12000.0,10.0,2.0,4.0,caterpillar 3208 dita,2 x 325 hp / 239 kw,1680.0
Raffaeli Meltemi 65,EUR,520000.0,Italy,Ligurien,"Anchor, Autopilot, Battery, Battery Charger, Bilge Pump, Bimini Top, Warm Water System, Bow Anchor Capstan, Bow Thruster, Cockpit Cover, Cockpit Table, Compass, Deck washer, Depth Instrument, Gangway, Heating, Chartplotter, Radar, Radio, Shore Connection, Speed Instrument, Stern Anchor Capstan, Stern Thruster, Swim Ladder, Teak Cockpit, VHF Radio, Warm Water System, Water Pressure System",2008,,grp,,diesel,,19.44,4.9,,,,3.0,6.0,caterpillar c15dita,2 x 850 hp / 625 kw,1310.0
Ferretti 57 Fly,EUR,290000.0,Italy,Bari,"Air Conditioning, Autopilot, Bimini Top, Warm Water System, Bow Thruster, Cockpit Cover, Cockpit Table, Deck washer, Gangway, GPS, Heating, Chartplotter, Radar, Radio, Shore Connection, Stern Thruster, Swim Ladder, TV, Trim Tabs, Warm Water System, Wetbar",1999,,grp,inboard direct-drive,,,17.75,4.93,,,,3.0,6.0,caterpillar 3208,2 x 812 hp / 597 kw,2600.0
Bénéteau Monte Carlo 6S,EUR,730000.0,Sweden,Göteborg,,2017,,grp,,diesel,,18.35,4.88,,,,3.0,6.0,cummins qsb 8.3 zeus,2 x 600 hp / 441 kw,660.0
Princess 21 M,EUR,920000.0,Egypt,Kairo,,2010,,grp,inboard direct-drive,diesel,,21.56,5.55,,,,4.0,8.0,man v12,2 x 1'360 hp / 1000 kw,1650.0
Marex Maren 310 Sun Cruiser,EUR,275000.0,Sweden,Trellborg,,2018,,grp,sterndrive,diesel,,9.49,3.22,,,,2.0,4.0,mercury diesel 4.2 l tdi v-8,1 x 370 hp / 272 kw,193.0
Roskilde 35 Ketch,EUR,39750.0,Netherlands,Yacht,"Shore Connection, Compass, Depth Instrument, Navigation Lights, GPS, Radar",1995,,steel,inboard direct-drive,diesel,200.0,10.7,3.5,1.5,10750.0,,,4.0,yanmar 4jh2e,1 x 48 hp / 35 kw,3500.0
Marex Maren 310 Sun Cruiser,EUR,299000.0,Germany,Nordsee,,2018,,grp,sterndrive,diesel,,9.49,3.22,,,,2.0,4.0,volvo penta d6 dp,1 x 370 hp / 272 kw,420.0
Bayliner - 472 Cuddy,EUR,46935.0,Denmark,Denmark,,2017,,grp,,,,7.47,2.55,0.9,1980.0,,,,mercuri mercruiser mpi 4.5l,,
Carver 355,EUR,36000.0,Croatia,Croatia,"Anchor, Underwater Paint, Autopilot, Battery, Battery Charger, Bilge Pump, Bimini Top, Warm Water System, Bow Anchor Capstan, Bow Thruster, Cockpit Table, Compass, Deck Shower, Depth Instrument, Fire extinguisher system, Freezer, Fridge, Microwave, Radar, Radio, Shore Connection, Stern Anchor Capstan, Swim Ladder, Warm Water System, Water Pressure System",1993,,,inboard direct-drive,diesel,840.0,11.98,4.0,,,,2.0,,cummins,2 x 260 hp / 191 kw,948.0
Maxum 3200 SCR,EUR,48000.0,France,Frejus,"Microwave, Fridge, Stove, Sink, Stern Thruster, Bow Thruster, Compass, Depth Instrument, Speed Instrument, GPS, Trim Tabs, Bilge Pump, Battery, Battery Charger, TV, Bow Anchor Capstan, Anchor, Gangway, Swim Ladder, Navigation Lights, Teak Deck, Bimini Top",1994,,pvc,,,,9.84,3.35,,,10.0,2.0,6.0,mercruiser 5.7 mag,2 x 290 hp / 213 kw,500.0
RIB Star 680,EUR,49950.0,Netherlands,verkoophaven,,2012,,grp,,,,6.8,2.8,0.6,,,,,,,
Zodiac Pro 500,EUR,26950.0,Netherlands,verkoophaven,,2023,,grp,,,,4.7,2.05,0.5,,,,,,,
ZAR mini 16 + Honda 80pk + Harbeck Trailer,EUR,36950.0,Netherlands,verkoophaven,,2023,,aluminium,,,,5.0,2.24,0.52,,,,,,,
Invictus TT460,Price,,Italy,Italy,Generator,2021,,grp,,diesel,1300.0,14.27,4.43,,,14.0,2.0,4.0,volvo penta ips 650,2 x 650 hp / 478 kw,131.0
Versilcraft Falcon 82S,EUR,570000.0,Italy,Italy,"Oven, Microwave, Fridge, Air Conditioning, Stern Thruster, Bow Thruster, Compass, Depth Instrument, Autopilot, VHF Radio, Radar, Bilge Pump, Generator, Anchor, Bimini Top",1998,,grp,,diesel,7000.0,23.96,5.85,1.8,65000.0,,4.0,8.0,caterpillar dita 1350,2 x 1'350 hp / 993 kw,
Bavaria R40 Fly,EUR,459000.0,Montenegro,Montenegro,"Shore Connection, Generator, Battery, Battery Charger, Inverter, Alarm system, Fire Extinguisher, Fire extinguisher system, Anchor, Bilge Pump, Underwater Lights, Navigation Lights, Bow Thruster, Trim Tabs, Electric Toilet, Water Pressure System, Warm Water System, Deck washer, Board Computer, Compass, GPS, Autopilot, Windvane self-steering, VHF Radio, Radar, Radar Reflector, Chartplotter, Depth Instrument, Speed Instrument, AIS, Sink, Fridge, Electric Stove, Cockpit Cover, Bimini Top, Swim Ladder, Bathing plaftorm fix, Deck Shower, Heating, Air Conditioning, TV, Radio, MP3 Player, Bluetooth Connector, Satellite Antenna, Cockpit Table, Teak Deck, Teak Cockpit, Underwater Paint",2020,very good condition,grp,inboard v-drive,diesel,900.0,12.91,3.95,1.1,8500.0,12.0,2.0,3.0,volvo penta,2 x 600 hp / 441 kw,100.0
SEATJALK VIKING C,EUR,1050000.0,Turkey,Didim,"Shore Connection, Generator, Battery, Battery Charger, Inverter, Fire Extinguisher, Gas Detector, Anchor, Bow Anchor Capstan, Stern Anchor Capstan, Electric winch, Bilge Pump, Life Raft, Washing Machine, Navigation Lights, Electric Toilet, Water Pressure System, Warm Water System, Solar panels, Board Computer, Compass, GPS, Autopilot, Windvane self-steering, Fishfinder, VHF Radio, Radar, Radar Reflector, Chartplotter, Wind Instrument, Depth Instrument, Speed Instrument, AIS, EPIRB, MOB System, Stove, Microwave, Oven, Sink, Cool Box, Fridge, Freezer, Gas Stove, Extractor Hood, Swim Ladder, Gangway, Davits, Deck Shower, Heating, Air Conditioning, TV, Radio, CD Player, DVD Player, MP3 Player, iPod Interface, Satellite Internet, Cockpit Table, Teak Deck, Teak Cockpit, Underwater Paint, Trailer",1915,very good condition,steel,inboard direct-drive,diesel,3250.0,22.0,5.0,2.1,90000.0,8.0,2.0,4.0,cummins nieuw geplaatst,1 x 300 hp / 221 kw,1650.0
Amer Yachts Amer 94,EUR,3090000.0,Italy,Toscana,"Heating, Air Conditioning, Stern Thruster, Bow Thruster, Compass, Depth Instrument, Autopilot, VHF Radio, Chartplotter, Speed Instrument, Radar, Bilge Pump, Battery, Battery Charger, Generator, TV, Anchor",2016,,grp,,diesel,7000.0,28.65,6.3,1.85,64000.0,,4.0,8.0,volvo penta d13,3 x 900 hp / 662 kw,1100.0
Bruno Abbate Primatist G 46 Aero Top Pininfarina,Price,,Italy,Italia,"Fridge, Freezer, Heating, Air Conditioning, Bow Thruster, Compass, Depth Instrument, Autopilot, GPS, VHF Radio, Chartplotter, Speed Instrument, Radar, Bilge Pump, Battery, Generator, TV, Anchor",2010,,grp,,diesel,1200.0,14.1,4.47,1.16,14000.0,12.0,2.0,4.0,volvo penta d6-435,2 x 435 hp / 320 kw,761.0
Agder 950 Ht,EUR,89900.0,Netherlands,verkoophaven,"Heating, Battery, Battery Charger, Radio, Electric Stove, Fridge, Shore Connection, Solar panels, Compass, Depth Instrument, Navigation Lights, Autopilot, VHF Radio, Sprayhood, Bathing plaftorm fix, Swim Ladder",2000,,grp,inboard direct-drive,diesel,320.0,9.5,3.3,0.85,,12.0,,2.0,volvo penta tamd22p,1 x 105 hp / 77 kw,338.0
Bénéteau OCEANIS 40,EUR,149000.0,Italy,Italy,"Oven, Fridge, Compass, Depth Instrument, Autopilot, GPS, VHF Radio, Chartplotter, Speed Instrument, Bilge Pump, Battery",2008,,grp,,diesel,200.0,11.82,3.91,1.9,8260.0,10.0,3.0,6.0,yanmar 3jh4e,1 x 40 hp / 29 kw,1436.0
Hemmes 34 Classic OK,EUR,120000.0,Netherlands,onbekend,,2009,,steel,,,,11.2,3.6,1.2,,,,2.0,,,
Prestige Yachts 500 Fly - STABILIZZATORE,EUR,700000.0,Italy,Italy,"Oven, Microwave, Fridge, Heating, Air Conditioning, Bow Thruster, Compass, Depth Instrument, Autopilot, GPS, VHF Radio, Chartplotter, Speed Instrument, Radar, Bilge Pump, Fire Extinguisher, Battery, Battery Charger, Inverter, TV, Anchor, Bimini Top",2019,,,,,1300.0,15.2,4.5,1.05,13500.0,12.0,3.0,6.0,volvo penta,2 x 600 hp / 441 kw,450.0
Cantiere Gregorini di MAX 37 Hard Top,EUR,285000.0,Italy,Toscana,"Microwave, Fridge, Air Conditioning, Bow Thruster, Compass, Depth Instrument, Autopilot, GPS, VHF Radio, Speed Instrument, Radar, Bilge Pump, Battery, Battery Charger, Generator, Anchor, Sprayhood",2018,,,,diesel,867.0,9.9,3.8,0.9,6500.0,10.0,1.0,2.0,iveco fpt nef 400,2 x 400 hp / 294 kw,274.0
Kelt White Shark 226 Open,EUR,36000.0,Italy,Toscana,"Compass, Depth Instrument, GPS, VHF Radio, Bilge Pump, Battery, Battery Charger, Anchor",2014,,,,unleaded,300.0,6.95,2.49,0.4,1180.0,7.0,1.0,2.0,evinrude 250 etec,1 x 250 hp / 184 kw,
Bertram Yacht 37' SF,EUR,98000.0,Italy,Toscana,"Fridge, Compass, Depth Instrument, Autopilot, GPS, VHF Radio, Chartplotter, Speed Instrument, Bilge Pump, Battery, Battery Charger, Generator, TV, Anchor",1986,,grp,,diesel,1800.0,12.0,4.0,,,10.0,2.0,4.0,general motors (g.m.),2 x 380 hp / 279 kw,50.0
Blu Martin SUN TOP 13.50,EUR,200000.0,Italy,Toscana,"Microwave, Fridge, Air Conditioning, Bow Thruster, Compass, Depth Instrument, GPS, VHF Radio, Chartplotter, Speed Instrument, Life Raft, Bilge Pump, Battery, Battery Charger, Generator, TV, Anchor, Sprayhood",2005,,grp,,diesel,930.0,13.5,4.05,0.7,12000.0,12.0,2.0,7.0,volvo penta d6,2 x 375 hp / 276 kw,690.0
Apreamare 45 CONFORT,EUR,270000.0,Italy,Liguria,"Bow Thruster, Depth Instrument, Autopilot, Chartplotter, Speed Instrument, Bilge Pump, Battery, Battery Charger, Generator",2007,,grp,,,1400.0,12.2,4.46,1.0,16500.0,12.0,2.0,6.0,volvo penta,2 x 500 hp / 368 kw,250.0
Kelt WHITE SHARK 268,EUR,65000.0,Italy,Liguria,"Fridge, Compass, Depth Instrument, Autopilot, GPS, VHF Radio, Bilge Pump, Battery, Battery Charger, Anchor",2006,,grp,,unleaded,440.0,8.08,2.83,0.56,2100.0,,1.0,2.0,mercury,2 x 200 hp / 147 kw,600.0
Edge Water 265 EX,EUR,90000.0,Italy,Toscana,"Microwave, Fridge, Depth Instrument, Autopilot, GPS, VHF Radio, Speed Instrument, Life Raft, Bilge Pump, Battery, Battery Charger, Inverter, TV, Anchor",2006,,,,unleaded,900.0,8.53,2.9,,2041.0,10.0,2.0,4.0,yamaha,2 x 225 hp / 165 kw,950.0
Cantieri Nord Est RED TUNA 29 express,EUR,80000.0,Italy,Toscana,"Fridge, Depth Instrument, GPS, VHF Radio, Chartplotter, Bilge Pump, Battery, Battery Charger, Inverter, Anchor",2007,,,,unleaded,550.0,8.8,2.96,0.8,5700.0,10.0,1.0,2.0,honda,2 x 250 hp / 184 kw,260.0
Apreamare 11 Cabin,EUR,199000.0,Italy,Lazio,"Compass, Depth Instrument, Autopilot, GPS, Speed Instrument, Life Raft, Bilge Pump, Battery",2004,,grp,,,1000.0,10.8,4.05,0.75,9500.0,12.0,2.0,4.0,volvo penta,2 x 370 hp / 272 kw,
Crownline 340CR,EUR,110000.0,Italy,Campania,"Microwave, Fridge, Heating, Air Conditioning, Compass, Depth Instrument, GPS, VHF Radio, Speed Instrument, Life Raft, Bilge Pump, Battery, Battery Charger, Generator, TV, Anchor",2007,,,,diesel,731.0,11.0,3.6,,9461.0,10.0,2.0,4.0,cummins qsd 4.2,2 x 320 hp / 235 kw,490.0
Vripack Blue Water Trawler 1575,EUR,395000.0,Netherlands,Dronrijp,"Fridge, Freezer, Life Raft, Battery, Inverter, Anchor, TV, Electric Stove, Oven, Microwave, Air Conditioning, Generator, Shore Connection, Solar panels, Wind Instrument, Navigation Lights, Autopilot, Chartplotter, Radar, VHF Radio, Bathing plaftorm fix, Swim Ladder, Fire Extinguisher",2001,,steel,inboard direct-drive,diesel,3300.0,16.31,4.76,1.45,48000.0,,,6.0,cummins cpl714,2 x 100 hp / 74 kw,2150.0
Azimut 52,EUR,220000.0,Croatia,Croatia,,1999,,grp,,diesel,1800.0,15.66,4.5,1.25,20000.0,,3.0,6.0,caterpillar,2 x 600 hp / 441 kw,2054.0
KOK Kruiser 1250 AK,EUR,139669.0,Netherlands,verkoophaven,"Oven, Fridge, Heating, Stern Thruster, Bow Thruster, Battery, Battery Charger, Generator, Inverter, TV, CD Player, DVD Player, Bimini Top, Radio, Gas Stove, Shore Connection, Compass, Depth Instrument, Navigation Lights, GPS, VHF Radio, Sprayhood, Bathing plaftorm fix, Swim Ladder, Davits, Fire Extinguisher",2001,,steel,inboard direct-drive,diesel,470.0,12.5,3.85,1.15,14250.0,,,2.0,iveco 8065 m12,1 x 120 hp / 88 kw,
Bavaria Vision 42,EUR,385000.0,Germany,Bremen,"Shore Connection, Generator, Battery, Battery Charger, Inverter, Fire Extinguisher, Gas Detector, Anchor, Bow Anchor Capstan, Electric winch, Bilge Pump, Life Raft, Washing Machine, Clothes dryer, Navigation Lights, Bow Thruster, Stern Thruster, Electric Toilet, Water Pressure System, Warm Water System, Solar panels, Board Computer, Compass, GPS, Autopilot, VHF Radio, Radar, Radar Reflector, Chartplotter, Wind Instrument, Depth Instrument, Speed Instrument, AIS, EPIRB, MOB System, Stove, Ceran Stove, Oven, Sink, Fridge, Freezer, Gas Stove, Electric Stove, Dishwasher, Sprayhood, Bimini Top, Swim Ladder, Bathing plaftorm fix, Bathing platform manual, Davits, Deck Shower, Heating, Radio, MP3 Player, iPod Interface, Bluetooth Connector, Cockpit Table, BBQ-Grill, Teak Deck, Teak Cockpit, Underwater Paint",2015,very good condition,grp,saildrive,diesel,220.0,12.8,4.05,2.04,10200.0,10.0,2.0,6.0,volvopenta d2 40,1 x 40 hp / 29 kw,330.0
Grand Soleil 40R,EUR,149000.0,Germany,Flensburg,"Gas Stove, Oven, Sink, Compass, GPS, Windvane self-steering, Chartplotter, Wind Instrument, Depth Instrument, Speed Instrument, Shore Connection, Battery, Battery Charger, Navigation Lights, Anchor, Radio, CD Player, Bathing plaftorm fix, Swim Ladder, Cockpit Table, Teak Cockpit, Teak Deck, Sprayhood, Underwater Paint",2002,very good condition,grp,,diesel,,12.29,3.8,2.4,,8.0,,3.0,yanmar,1 x 40 hp / 29 kw,1197.0
Jetten 37 AC-RS,EUR,209000.0,Netherlands,verkoophaven,"Microwave, Fridge, Heating, Stern Thruster, Bow Thruster, Battery, Battery Charger, Inverter, TV, CD Player, DVD Player, Radio, Gas Stove, Shore Connection, Depth Instrument, Navigation Lights, Sprayhood, Bimini Top, Bathing plaftorm fix, Swim Ladder, Fire Extinguisher",2010,,steel,inboard direct-drive,diesel,390.0,11.36,3.8,1.0,13000.0,,,4.0,vetus deutz dt44,1 x 114 hp / 84 kw,3378.0
Pedro Donky 33,EUR,72500.0,Netherlands,verkoophaven,"Freezer, Heating, Bilge Pump, Battery, TV, CD Player, DVD Player, Gas Stove, Fridge, Shore Connection, Compass, Depth Instrument, Navigation Lights, VHF Radio, Bathing plaftorm fix, Swim Ladder",1994,,steel,inboard direct-drive,diesel,800.0,10.0,3.3,0.95,,,,2.0,mercedes om 602,1 x 110 hp / 81 kw,1498.0
Diana 21,Price,,Germany,Moormerland,"Board Computer, Fishfinder, Chartplotter, Speed Instrument, Battery, Navigation Lights, Anchor, Fire Extinguisher, Swim Ladder, Teak Cockpit, Teak Deck, Full Cover, Sprayhood, Underwater Paint, Trailer, Edelstahlbadeleiter, Persenningspezialanfertigung inc",2018,as new,grp,inboard direct-drive,diesel,45.0,6.65,1.86,0.4,,2.0,1.0,2.0,vetus,1 x 16 hp / 12 kw,123.0
Bénéteau Beneteau 50,Price,,Italy,Genova,"Gas Stove, Oven, Sink, Fridge, Compass, GPS, Autopilot, VHF Radio, Radar, Chartplotter, Depth Instrument, AIS, Battery, Battery Charger, Generator, Anchor, Bow Thruster, Bow Anchor Capstan, Electric winch, Bilge Pump, Heating, Electric Toilet, Warm Water System, Watermaker, Bathing plaftorm fix, Gangway, Cockpit Table, Teak Cockpit, Teak Deck, Sprayhood, Bimini Top",2002,good condition,,,,450.0,15.48,4.48,1.8,14000.0,,3.0,,yanmar,1 x 101 hp / 74 kw,1663.0
Sunbeam 22.1,EUR,54900.0,Germany,Berlin,"Depth Instrument, Speed Instrument, Shore Connection, Battery, Swim Ladder, Cockpit Table, Teak Cockpit, Teak Deck, Underwater Paint, Trailer, 12 Volt USB Anschluss",2018,good condition,grp,,unleaded,,6.85,2.5,0.6,1300.0,6.0,1.0,4.0,mercury,1 x 4.0 hp / 2.9 kw,
Solaris 55,Price,,Italy,Liguria,"Stove, Oven, Sink, Fridge, Freezer, Compass, GPS, Autopilot, VHF Radio, Radar Reflector, Chartplotter, AIS, Battery, Battery Charger, Inverter, Generator, Anchor, Bow Thruster, Stern Thruster, Electric winch, Bilge Pump, Fire Extinguisher, Life Raft, Heating, Air Conditioning, Electric Toilet, Warm Water System, Watermaker, TV, Bathing platform electric, Swim Ladder, Gangway, Cockpit Table, Teak Cockpit, Teak Deck, Deck Shower, Cockpit Cover, Sprayhood, Bimini Top",2021,very good condition,,,,380.0,16.7,4.85,3.0,17600.0,,3.0,,volvo penta d3,1 x 110 hp / 81 kw,820.0
Bailyner 2355,EUR,16900.0,Czech,Decin,"Battery, Battery Charger, Fire Extinguisher, Anchor, Bilge Pump, Trim Tabs, Stove, Fridge, Bimini Top, Swim Ladder",1996,good condition,grp,sterndrive,diesel,200.0,7.12,2.53,,2200.0,7.0,,,"1,9tdi",1 x 245 hp / 180 kw,
Nicols Yacht 1150,EUR,85000.0,France,N°103,"Shore Connection, Battery, Battery Charger, Fire Extinguisher, Gas Detector, Anchor, Bow Anchor Capstan, Bilge Pump, Navigation Lights, Bow Thruster, Electric Toilet, Water Pressure System, Warm Water System, Fishfinder, Oven, Sink, Fridge, Gas Stove, Swim Ladder, Heating, Radio, CD Player, DVD Player, Underwater Paint",1992,very good condition,grp,inboard direct-drive,diesel,300.0,11.5,3.7,0.65,5500.0,12.0,3.0,8.0,mitsubishi,1 x 88 hp / 65 kw,1389.0
Cigala & Bertinetti Akis 22,EUR,3600.0,Italy,-Lerici,"Battery, Fire Extinguisher, Anchor, Bow Anchor Capstan, Electric winch, Bilge Pump, Life Raft, Compass, Cockpit Cover, Winter Cover, Swim Ladder, Bathing plaftorm fix, Deck Shower",1988,good condition,grp,sterndrive,unleaded,180.0,6.47,2.46,0.62,1600.0,8.0,1.0,2.0,volvo penta aq141,1 x 140 hp / 103 kw,1000.0
Princess 430,EUR,125000.0,France,Marseillan,"Shore Connection, Generator, Battery, Battery Charger, Fire Extinguisher, Fire extinguisher system, Anchor, Bow Anchor Capstan, Electric winch, Bilge Pump, Life Raft, Navigation Lights, Bow Thruster, Trim Tabs, Electric Toilet, Water Pressure System, Warm Water System, Compass, GPS, Windvane self-steering, Autopilot, VHF Radio, Radar, Chartplotter, Depth Instrument, Speed Instrument, AIS, EPIRB, Stove, Microwave, Oven, Sink, Fridge, Gas Stove, Extractor Hood, Cockpit Cover, Sprayhood, Bimini Top, Flybridge Cover, Swim Ladder, Bathing plaftorm fix, Gangway, Electric Gangway, Deck Shower, Heating, Radio, CD Player, DVD Player, Bluetooth Connector, Cockpit Table, Wetbar, Teak Cockpit, Underwater Paint",1999,good condition,grp,inboard direct-drive,diesel,1364.0,13.54,4.17,0.99,1300.0,10.0,2.0,6.0,volvo,2 x 370 hp / 272 kw,900.0
Bruce Roberts 28”,EUR,11000.0,Germany,Staaken,"Shore Connection, Battery, Battery Charger, Alarm system, Fire Extinguisher, Gas Detector, Anchor, Bow Anchor Capstan, Bilge Pump, Navigation Lights, Solar panels, Compass, GPS, Autopilot, VHF Radio, Depth Instrument, AIS, Oven, Sink, Cool Box, Gas Stove, Sprayhood, Swim Ladder, Heating, Radio, CD Player, iPod Interface, Cockpit Table",2004,good condition,steel,"outboard, four-stroke",unleaded,20.0,8.7,3.15,1.6,6000.0,,2.0,4.0,yamaha 9.8 gel,1 x 9.9 hp / 7.3 kw,
Sea Ray 240 / 245,EUR,40000.0,Italy,Grado,"Shore Connection, Battery, Battery Charger, Inverter, Fire Extinguisher, Fire extinguisher system, Anchor, Bilge Pump, Trim Tabs, Water Pressure System, Board Computer, Compass, Chartplotter, Depth Instrument, Speed Instrument, Ceran Stove, Sink, Fridge, Full Cover, Cockpit Cover, Swim Ladder, Deck Shower, TV, Radio, DVD Player, iPod Interface, Bluetooth Connector, Trailer",2006,very good condition,grp,sterndrive,unleaded,280.0,7.92,2.59,0.09,2550.0,10.0,1.0,,"mercruiser 350 mag mpi 5,7 v 8",1 x 300 hp / 221 kw,360.0
Jeanneau Sun Odyssey 439,EUR,150000.0,Norway,Sætre,"Shore Connection, Battery, Battery Charger, Fire Extinguisher, Gas Detector, Anchor, Bow Anchor Capstan, Electric winch, Bilge Pump, Life Raft, Navigation Lights, Bow Thruster, Water Pressure System, Warm Water System, Solar panels, Compass, GPS, Autopilot, VHF Radio, Radar Reflector, Chartplotter, Wind Instrument, Depth Instrument, Speed Instrument, AIS, EPIRB, Stove, Oven, Sink, Cool Box, Gas Stove, Sprayhood, Bimini Top, Swim Ladder, Bathing plaftorm fix, Bathing platform electric, Bathing platform manual, Davits, Deck Shower, Heating, Radio, Bluetooth Connector, Satellite Phone, Cockpit Table, BBQ-Grill, Teak Cockpit, Underwater Paint",2012,good condition,grp,saildrive,diesel,200.0,12.99,4.24,2.2,9900.0,8.0,4.0,8.0,yanmar 4jh5ce,1 x 54 hp / 40 kw,3500.0
HI-Star Histar 44,EUR,189000.0,Belgium,Ophoven,"Shore Connection, Generator, Battery, Battery Charger, Inverter, Fire Extinguisher, Anchor, Bow Anchor Capstan, Electric winch, Bilge Pump, Washing Machine, Clothes dryer, Navigation Lights, Bow Thruster, Stern Thruster, Trim Tabs, Electric Toilet, Warm Water System, Deck washer, Board Computer, Compass, GPS, Windvane self-steering, Autopilot, Fishfinder, VHF Radio, Radar Reflector, Chartplotter, Depth Instrument, Speed Instrument, Stove, Microwave, Oven, Sink, Fridge, Freezer, Electric Stove, Full Cover, Cockpit Cover, Bimini Top, Flybridge Cover, Swim Ladder, Bathing plaftorm fix, Davits, Deck Shower, Heating, Air Conditioning, TV, Radio, CD Player, Satellite Antenna, Cockpit Speakers, Cockpit Table, Teak Deck, Underwater Paint",1987,very good condition,grp,inboard v-drive,diesel,1800.0,13.2,4.6,1.3,18000.0,,2.0,3.0,caterpillar 3208,2 x 375 hp / 276 kw,5100.0
Horizon Elegance 64,EUR,940000.0,Slovenia,Slovenia,"Shore Connection, Generator, Battery, Battery Charger, Inverter, Fire Extinguisher, Fire extinguisher system, Anchor, Bow Anchor Capstan, Electric winch, Bilge Pump, Life Raft, Washing Machine, Clothes dryer, Underwater Lights, Navigation Lights, Bow Thruster, Stern Thruster, Trim Tabs, Watermaker, Electric Toilet, Water Pressure System, Warm Water System, Deck washer, Board Computer, Compass, GPS, Windvane self-steering, Autopilot, Fishfinder, VHF Radio, Radar, Radar Reflector, Chartplotter, Wind Instrument, Depth Instrument, Speed Instrument, AIS, MOB System, Oven, Sink, Cool Box, Fridge, Freezer, Electric Stove, Extractor Hood, Dishwasher, Cockpit Cover, Bimini Top, Flybridge Cover, Swim Ladder, Bathing plaftorm fix, Electric Gangway, Deck Shower, Heating, Air Conditioning, Icemaker, TV, Radio, CD Player, DVD Player, MP3 Player, iPod Interface, Bluetooth Connector, DVB-T Antenna, Satellite Antenna, Cockpit Speakers, Cockpit Table, Wetbar, BBQ-Grill, Teak Deck, Teak Cockpit, Underwater Paint",2005,very good condition,grp,inboard v-drive,diesel,4600.0,19.9,5.6,1.65,42000.0,18.0,3.0,6.0,man d2842 le423 1360hp,2 x 1'360 hp / 1000 kw,420.0
Van de Stadt forna 37,EUR,105000.0,Italy,venezia,"Battery, Battery Charger, Bow Anchor Capstan, Bilge Pump, Compass, GPS, Autopilot, VHF Radio, Chartplotter, Wind Instrument, Depth Instrument, Stove, Oven, Sink, Fridge, Gas Stove, Sprayhood, Bimini Top, Bathing platform manual",2007,good condition,aluminium,saildrive,diesel,250.0,11.15,3.65,1.7,7500.0,6.0,2.0,6.0,nanni diesel,1 x 37 hp / 27 kw,
"Nautic Yachts Neon 910, Neon 990 2023 year",EUR,108500.0,Poland,Frankfurt,"Shore Connection, Battery, Battery Charger, Fire Extinguisher, Gas Detector, Anchor, Bilge Pump, Navigation Lights, Bow Thruster, Electric Toilet, Water Pressure System, Warm Water System, Deck washer, Solar panels, Compass, GPS, Fishfinder, VHF Radio, Radar Reflector, Chartplotter, Depth Instrument, Speed Instrument, Fridge, Freezer, Gas Stove, Cockpit Cover, Swim Ladder, Heating, TV, Radio, MP3 Player, Bluetooth Connector, DVB-T Antenna, Cockpit Table, Teak Cockpit",2023,as new,grp,"outboard, four-stroke",gas,140.0,9.9,3.05,0.55,3000.0,7.0,2.0,6.0,yamaha ft50 jetl,1 x 50 hp / 37 kw,400.0
Nautique Super Air 210,EUR,82100.0,Montenegro,Tivat,"Shore Connection, Battery, Battery Charger, Alarm system, Fire Extinguisher, Fire extinguisher system, Anchor, Bilge Pump, Underwater Lights, Navigation Lights, Board Computer, Compass, GPS, VHF Radio, Depth Instrument, Speed Instrument, Full Cover, Bimini Top, Bathing plaftorm fix, Radio, Bluetooth Connector",2016,very good condition,grp,inboard direct-drive,unleaded,140.0,7.0,2.49,,71.0,10.0,,,inboard,1 x 450 hp / 331 kw,924.0
"Sea Ray 250 SLX, nieuwstaat uit 2020",EUR,136950.0,Netherlands,Noord-Brabant,"Shore Connection, Battery, Battery Charger, Anchor, Bow Anchor Capstan, Electric winch, Bilge Pump, Underwater Lights, Navigation Lights, Bow Thruster, Trim Tabs, Electric Toilet, Deck washer, Board Computer, Compass, GPS, Autopilot, Windvane self-steering, Fishfinder, VHF Radio, Radar, Radar Reflector, Chartplotter, Wind Instrument, Depth Instrument, Speed Instrument, AIS, EPIRB, MOB System, Sink, Cool Box, Fridge, Freezer, Full Cover, Cockpit Cover, Sprayhood, Bimini Top, Flybridge Cover, Winter Cover, Swim Ladder, Bathing plaftorm fix, Deck Shower, TV, Radio, iPod Interface, Bluetooth Connector, Cockpit Speakers, BBQ-Grill, Teak Deck, Teak Cockpit, Underwater Paint, Trailer",2020,as new,grp,,unleaded,,7.7,,,,,,,6.2 mercuiser,,
"Motorstahlkajütboot, Tourenboot",EUR,36000.0,Germany,Falkensee,"Shore Connection, Battery, Inverter, Fire Extinguisher, Anchor, Bow Anchor Capstan, Bilge Pump, Underwater Lights, Warm Water System, Compass, VHF Radio, Speed Instrument, Oven, Sink, Fridge, Gas Stove, Cockpit Cover, Swim Ladder, Heating, TV, Cockpit Table, Teak Cockpit, Underwater Paint",1940,fair condition,steel,inboard direct-drive,diesel,400.0,12.0,3.6,,,,2.0,4.0,"volvo panther mg32a reihenmotor, 6 zylinder",1 x 106 hp / 78 kw,3500.0
Quicksilver 905 Activ Weekend,EUR,125000.0,Poland,Gdansk,"Shore Connection, Battery, Fire Extinguisher, Gas Detector, Anchor, Bow Anchor Capstan, Electric winch, Bilge Pump, Navigation Lights, Bow Thruster, Trim Tabs, Electric Toilet, Water Pressure System, Warm Water System, Deck washer, Board Computer, Compass, GPS, Fishfinder, VHF Radio, Radar, Radar Reflector, Chartplotter, Depth Instrument, Speed Instrument, AIS, Sink, Cool Box, Fridge, Gas Stove, Full Cover, Swim Ladder, Bathing plaftorm fix, Deck Shower, Heating, CD Player, MP3 Player, Bluetooth Connector, Cockpit Speakers, Cockpit Table, Wetbar, Teak Deck, Teak Cockpit, Underwater Paint",2021,as new,carbon fiber,"outboard, four-stroke",unleaded,400.0,9.0,3.3,0.65,3150.0,10.0,2.0,,mercury f300,1 x 300 hp / 221 kw,
NORMED / France,EUR,108000.0,Greece,Messolonghi,"Shore Connection, Battery, Battery Charger, Inverter, Anchor, Bow Anchor Capstan, Bilge Pump, Navigation Lights, Water Pressure System, Warm Water System, Solar panels, GPS, Windvane self-steering, Autopilot, VHF Radio, Chartplotter, Wind Instrument, Depth Instrument, Speed Instrument, Stove, Oven, Sink, Cool Box, Fridge, Gas Stove, Cockpit Cover, Swim Ladder, Bathing plaftorm fix, Deck Shower, Cockpit Table, Teak Cockpit, Underwater Paint",1982,very good condition,aluminium,inboard direct-drive,diesel,100.0,13.72,3.74,2.1,9000.0,,3.0,6.0,lombardini 1204m,1 x 30 hp / 22 kw,35.0
Jeanneau NC 37,EUR,305000.0,Germany,Lübeck,"Shore Connection, Battery, Battery Charger, Fire Extinguisher, Fire extinguisher system, Anchor, Bow Anchor Capstan, Electric winch, Bilge Pump, Navigation Lights, Bow Thruster, Electric Toilet, Water Pressure System, Warm Water System, Board Computer, Compass, GPS, VHF Radio, Chartplotter, Depth Instrument, Speed Instrument, Stove, Oven, Sink, Fridge, Freezer, Gas Stove, Swim Ladder, Bathing plaftorm fix, Deck Shower, Heating, TV, Radio, MP3 Player, iPod Interface, Bluetooth Connector, Satellite Antenna, Cockpit Speakers, Cockpit Table, Teak Cockpit, Underwater Paint",2019,very good condition,grp,sterndrive,diesel,650.0,11.9,3.59,1.2,6500.0,,2.0,4.0,volvo penta d3-220,2 x 220 hp / 162 kw,310.0
Hallberg-Rassy 36,EUR,110000.0,Croatia,Vinodolski,"Shore Connection, Battery, Battery Charger, Inverter, Fire Extinguisher, Fire extinguisher system, Gas Detector, Anchor, Bilge Pump, Life Raft, Navigation Lights, Bow Thruster, Water Pressure System, Warm Water System, Compass, GPS, Autopilot, VHF Radio, Radar, Radar Reflector, Chartplotter, Wind Instrument, Depth Instrument, Speed Instrument, AIS, Stove, Oven, Sink, Cool Box, Fridge, Freezer, Cockpit Cover, Sprayhood, Swim Ladder, Gangway, Heating, Radio, MP3 Player, Bluetooth Connector, Cockpit Speakers, Cockpit Table, Teak Deck, Teak Cockpit, Underwater Paint",1993,good condition,grp,inboard direct-drive,diesel,345.0,10.87,3.55,1.7,7500.0,6.0,2.0,6.0,volvo penta md22,1 x 57 hp / 42 kw,2400.0
Molenmaker & Mantel Backdecker,EUR,79900.0,Germany,Goar,"Shore Connection, Battery, Battery Charger, Inverter, Fire Extinguisher, Gas Detector, Anchor, Bow Anchor Capstan, Bilge Pump, Navigation Lights, Bow Thruster, Electric Toilet, Water Pressure System, Warm Water System, Compass, Depth Instrument, Oven, Sink, Fridge, Freezer, Gas Stove, Bimini Top, Winter Cover, Swim Ladder, Bathing plaftorm fix, Davits, Heating, TV, Underwater Paint",1963,fair condition,steel,inboard direct-drive,diesel,500.0,13.0,3.95,1.25,13000.0,,2.0,4.0,perkins m90,1 x 84 hp / 62 kw,1500.0
J Boats J/70,Under,,Germany,Starnberg,"Bilge Pump, Board Computer, Compass, Speed Instrument, Full Cover, Winter Cover, Trailer",2016,very good condition,grp,,electric,,6.93,2.25,0.3,794.0,5.0,,,torqeedo travel 1003s,,
Quicksilver Weekend 755,EUR,63000.0,Italy,acqua,"Shore Connection, Battery, Battery Charger, Fire Extinguisher, Gas Detector, Anchor, Bow Anchor Capstan, Electric winch, Bilge Pump, Life Raft, Bow Thruster, Trim Tabs, Compass, VHF Radio, Depth Instrument, Speed Instrument, Stove, Sink, Fridge, Gas Stove, Cockpit Cover, Swim Ladder, Bathing plaftorm fix, Deck Shower, Cockpit Table, Underwater Paint",2018,very good condition,grp,"outboard, four-stroke",unleaded,300.0,7.4,2.85,0.52,2138.0,9.0,2.0,3.0,mercury f 250 xl verado,1 x 250 hp / 184 kw,277.0
Cranchi Clipper 760,EUR,22900.0,Germany,Lindau,"Battery, Fire Extinguisher, Anchor, Bilge Pump, Navigation Lights, Trim Tabs, Water Pressure System, Compass, Speed Instrument, Sink, Fridge, Cockpit Cover, Swim Ladder, Bathing plaftorm fix, Heating, Cockpit Speakers, Cockpit Table, Trailer",1989,good condition,grp,sterndrive,unleaded,230.0,7.54,2.47,0.7,1800.0,7.0,1.0,,volvo penta,1 x 275 hp / 202 kw,
